﻿<parameters>
  <parameter name="IIS Web Application Name" defaultValue="DboyInventory" tags="IisApp">
    <parameterEntry kind="ProviderPath" scope="IisApp" match="^D:\\hypoass\\ValdozCoDev\\DBoyInventoryDev\\FSInventory\\obj\\Release\\Package\\PackageTmp$" />
    <parameterEntry kind="ProviderPath" scope="setAcl" match="^D:\\hypoass\\ValdozCoDev\\DBoyInventoryDev\\FSInventory\\obj\\Release\\Package\\PackageTmp$" />
  </parameter>
  <parameter name="EFDbContext-Web.config Connection String" defaultValue="Data Source=LOCALHOST;Initial Catalog=Inventory;User ID=sa;Password=Kokodi12">
    <parameterEntry kind="XmlFile" scope="D:\\hypoass\\ValdozCoDev\\DBoyInventoryDev\\FSInventory\\obj\\Release\\Package\\PackageTmp\\Web\.config$" match="/configuration/connectionStrings/add[@name='EFDbContext']/@connectionString" />
  </parameter>
  <parameter name="EFDbContext_DatabasePublish-Web.config Connection String" description="EFDbContext Connection String used by Entity Framework Code First Model to deploy the database." defaultValue="Data Source=LOCALHOST;Initial Catalog=Inventory;User ID=sa;Password=Kokodi12">
    <parameterEntry kind="XmlFile" scope="D:\\hypoass\\ValdozCoDev\\DBoyInventoryDev\\FSInventory\\obj\\Release\\Package\\PackageTmp\\Web\.config$" match="/configuration/connectionStrings/add[@name='EFDbContext_DatabasePublish']/@connectionString" />
  </parameter>
</parameters>